{
    "Claims" :[
        {
            "C1":"Local Conveyence Own Vehicle",
            "C2": "Claim7658765765765865",
            "C3": "16.08.2023",
            "C4": "180.00",
            "C5": "180.00",
            "C6": "Shristi Singh",
            "C7": "In-Process",
            "C8": "To be Processed",
            "C9":"Grish Chandra ",
            "C10": "INR"
        },
        {
            "C1":"Local Conveyence Own Vehicle",
        
            "C2": "Claim7658765765765865",
            "C3": "16.08.2023",
            "C4": "180.00",
            "C5": "180.00",
            "C6": "Shristi Singh",
            "C7": "In-Process",
            "C8": "To be Processed",
            "C9":"Grish Chandra ",
            "C10": "INR"
        },
        {
            "C1":"Local Conveyence Own Vehicle",
        
            "C2": "Claim7658765765765865",
            "C3": "16.08.2023",
            "C4": "180.00",
            "C5": "180.00",
            "C6": "Shristi Singh",
            "C7": "In-Process",
            "C8": "To be Processed",
            "C9":"Grish Chandra ",
            "C10": "INR"
        },
        {
            "C1":"Local Conveyence Own Vehicle",
        
            "C2": "Claim7658765765765865",
            "C3": "16.08.2023",
            "C4": "180.00",
            "C5": "180.00",
            "C6": "Shristi Singh",
            "C7": "In-Process",
            "C8": "To be Processed",
            "C9":"Grish Chandra ",
            "C10": "INR"
        }

    ]
}