{
    "Claim":[
        {
            "Lineno": "001",
            "Consultancycat": "",
            "Dname": "",
            "hospmedstore":"",
            "hlocation":"",
            "hlocationo":"",
            "Pid":"",
            "Bdate":"",
            "Bno":"",
            "description":"",
            "bamount":"",
            "Discount":"",
            "Ramount":""
            },
            {
                "Lineno": "002",
                "Consultancycat": "",
                "Dname": "",
                "hospmedstore":"",
                "hlocation":"",
                "hlocationo":"",
                "Pid":"",
                "Bdate":"",
                "Bno":"",
                "description":"",
                "bamount":"",
                "Discount":"",
                "Ramount":""
                },
                {
                    "Lineno": "003",
                    "Consultancycat": "",
                    "Dname": "",
                    "hospmedstore":"",
                    "hlocation":"",
                    "hlocationo":"",
                    "Pid":"",
                    "Bdate":"",
                    "Bno":"",
                    "description":"",
                    "bamount":"",
                    "Discount":"",
                    "Ramount":""
                    },
                    {
                        "Lineno": "004",
                        "Consultancycat": "",
                        "Dname": "",
                        "hospmedstore":"",
                        "hlocation":"",
                        "hlocationo":"",
                        "Pid":"",
                        "Bdate":"",
                        "Bno":"",
                        "description":"",
                        "bamount":"",
                        "Discount":"",
                        "Ramount":""
                        },
                        {
                            "Lineno": "005",
                            "Consultancycat": "",
                            "Dname": "",
                            "hospmedstore":"",
                            "hlocation":"",
                            "hlocationo":"",
                            "Pid":"",
                            "Bdate":"",
                            "Bno":"",
                            "description":"",
                            "bamount":"",
                            "Discount":"",
                            "Ramount":""
                            },
                            {
                                "Lineno": "006",
                                "Consultancycat": "",
                                "Dname": "",
                                "hospmedstore":"",
                                "hlocation":"",
                                "hlocationo":"",
                                "Pid":"",
                                "Bdate":"",
                                "Bno":"",
                                "description":"",
                                "bamount":"",
                                "Discount":"",
                                "Ramount":""
                                },
                                {
                                    "Lineno": "007",
                                    "Consultancycat": "",
                                    "Dname": "",
                                    "hospmedstore":"",
                                    "hlocation":"",
                                    "hlocationo":"",
                                    "Pid":"",
                                    "Bdate":"",
                                    "Bno":"",
                                    "description":"",
                                    "bamount":"",
                                    "Discount":"",
                                    "Ramount":""
                                    }
    ]
}