{
    "Comments": [
      {
        "UserType": "Type 1",
        "UserName": "",
        "Date": "2022-01-01",
        "Time": "12:00 PM",
        "PreviousStatus": "Status 0",
        "CurrentStatus": "Status 1",
        "Remarks": "Remark 1"
      },
      {
        "UserType": "Type 2",
        "UserName": "",
        "Date": "2022-01-02",
        "Time": "01:00 PM",
        "PreviousStatus": "Status 1",
        "CurrentStatus": "Status 2",
        "Remarks": "Remark 2"
      },
      {
        "UserType": "Type 3",
        "UserName": "User 3",
        "Date": "2022-01-03",
        "Time": "02:00 PM",
        "PreviousStatus": "Status 2",
        "CurrentStatus": "Status 3",
        "Remarks": "Remark 3"
      },
      {
        "UserType": "Type 4",
        "UserName": "User 4",
        "Date": "2022-01-04",
        "Time": "03:00 PM",
        "PreviousStatus": "Status 3",
        "CurrentStatus": "Status 4",
        "Remarks": "Remark 4"
      },
      {
        "UserType": "Type 5",
        "UserName": "User 5",
        "Date": "2022-01-05",
        "Time": "04:00 PM",
        "PreviousStatus": "Status 4",
        "CurrentStatus": "Status 5",
        "Remarks": "Remark 5"
      }
    
    ]
  }