{
  "controller/Login.controller.js": 1706772009887,
  "model/Claims.json": 1706778786723,
  "model/Comments.json": 1706778786723,
  "model/Claim.json": 1706781478565,
  "manifest.json": 1707715133271,
  "model/models.js": 1706771321169,
  "controller/ess.controller.js": 1707715020290,
  "i18n/i18n.properties": 1706771339849,
  "controller/App.controller.js": 1706771321173,
  "Component.js": 1706771321161,
  "Component-preload.js": 1707715133901,
  "controller/App-dbg.controller.js": 1706771321173,
  "controller/ess-dbg.controller.js": 1707715020290,
  "controller/Login-dbg.controller.js": 1706772009887,
  "model/models-dbg.js": 1706771321169,
  "Component-dbg.js": 1706771321161,
  "view/ess.view.xml": 1707714135263,
  "view/Login.view.xml": 1706863886458,
  "view/App.view.xml": 1706771321173,
  "images/logo.jpg": 1706771788254,
  "images/bg.png": 1706855205029,
  "css/style.css": 1707304048397,
  "index.html": 1707374023298
}